question,answer
how do i reduce belly fat,"Use a calorie deficit, high protein, and daily steps. Spot reduction is not real, fat loss takes time."
best breakfast for gym,"Oats with Greek yogurt and fruit works well. Or eggs with wholegrain toast."
vegetarian protein ideas,"Lentils, chickpeas, tofu, tempeh, Greek yogurt, cottage cheese, and beans."
cheap protein sources,"Eggs, canned tuna, chicken thighs, lentils, milk, and peanut butter in moderation."
how many meals per day,"Three to five meals works for most people. Total calories and protein matter more than timing."
what is maintenance calories,"These are the calories that keep your weight stable. Track weight and intake for 1 to 2 weeks to estimate."
best post workout meal,"Protein plus carbs: chicken and rice, tuna sandwich, or whey with a banana."
how to stop sugar cravings,"Increase protein and fiber, drink water, reduce ultra processed snacks, and sleep 7 to 9 hours."
good snacks for fat loss,"Greek yogurt, fruit, boiled eggs, carrots with hummus, or a protein shake."
foods for muscle gain,"Protein and enough carbs: chicken, eggs, fish, dairy, rice, potatoes, and oats."
